path,h1,h2_first,lang,size_bytes,last_commit_date,last_author
BUILD.md,,–û–±–∑–æ—Ä –ø—Ä–æ–µ–∫—Ç–∞,mixed,10328,N/A,N/A
README.md,AquaStream,–î–æ–∫—É–º–µ–Ω—Ç–∞—Ü–∏—è,mixed,407,2025-08-10,egorovma
backend-common/README.md,AquaStream Backend Common,–û–ø–∏—Å–∞–Ω–∏–µ,mixed,10219,2025-09-17,egorovma
backend-crew/README.md,AquaStream Backend Crew Service,–û–ø–∏—Å–∞–Ω–∏–µ,mixed,12822,2025-09-17,egorovma
backend-event/README.md,AquaStream Backend Event Service,–û–ø–∏—Å–∞–Ω–∏–µ,mixed,17040,2025-09-17,egorovma
backend-gateway/README.md,AquaStream Backend Gateway,–û–ø–∏—Å–∞–Ω–∏–µ,mixed,15834,2025-09-17,egorovma
backend-media/README.md,AquaStream Backend Media Service,–û–ø–∏—Å–∞–Ω–∏–µ,mixed,21518,2025-09-17,egorovma
backend-notification/README.md,AquaStream Backend Notification Service,–û–ø–∏—Å–∞–Ω–∏–µ,mixed,25999,2025-09-17,egorovma
backend-payment/README.md,AquaStream Backend Payment Service,–û–ø–∏—Å–∞–Ω–∏–µ,mixed,21281,2025-09-17,egorovma
backend-user/README.md,AquaStream Backend User Service,–û–ø–∏—Å–∞–Ω–∏–µ,mixed,25814,2025-09-17,egorovma
doc-as-code-todos/00-foundation-tooling.md,–ó–∞–¥–∞—á–∞ 00 ‚Äî –û—Å–Ω–æ–≤—ã –∏ –≤—ã–±–æ—Ä –∏–Ω—Å—Ç—Ä—É–º–µ–Ω—Ç–æ–≤ Doc as Code,–¶–µ–ª—å,mixed,2544,N/A,N/A
doc-as-code-todos/01-inventory.md,–ó–∞–¥–∞—á–∞ 01 ‚Äî –ò–Ω–≤–µ–Ω—Ç–∞—Ä–∏–∑–∞—Ü–∏—è –≤—Å–µ—Ö Markdown‚Äë—Ñ–∞–π–ª–æ–≤,–¶–µ–ª—å,mixed,2934,N/A,N/A
doc-as-code-todos/02-taxonomy-mapping.md,–ó–∞–¥–∞—á–∞ 02 ‚Äî –¢–∞–∫—Å–æ–Ω–æ–º–∏—è –∏ –º–∞–ø–ø–∏–Ω–≥: —Å–∫–≤–æ–∑–Ω—ã–µ vs –º–æ–¥—É–ª—å–Ω—ã–µ,–¶–µ–ª—å,mixed,2432,N/A,N/A
doc-as-code-todos/03-normalize-style-frontmatter.md,–ó–∞–¥–∞—á–∞ 03 ‚Äî –ù–æ—Ä–º–∞–ª–∏–∑–∞—Ü–∏—è —Å—Ç–∏–ª—è –∏ —Ñ—Ä–æ–Ω—Ç‚Äë–º–∞—Ç—Ç–µ—Ä–æ–≤,–¶–µ–ª—å,mixed,2293,N/A,N/A
doc-as-code-todos/04-templates-source-of-truth.md,–ó–∞–¥–∞—á–∞ 04 ‚Äî –®–∞–±–ª–æ–Ω—ã –∏ ¬´source of truth¬ª –¥–ª—è –ø–æ–≤—Ç–æ—Ä—è—é—â–∏—Ö—Å—è —Ç–∏–ø–æ–≤,–¶–µ–ª—å,mixed,1991,N/A,N/A
doc-as-code-todos/05-docs-site-build.md,–ó–∞–¥–∞—á–∞ 05 ‚Äî –°–±–æ—Ä–∫–∞ —Å–∞–π—Ç–∞ –¥–æ–∫—É–º–µ–Ω—Ç–∞—Ü–∏–∏,–¶–µ–ª—å,mixed,1968,N/A,N/A
doc-as-code-todos/06-navigation-ia.md,–ó–∞–¥–∞—á–∞ 06 ‚Äî –ù–∞–≤–∏–≥–∞—Ü–∏—è –∏ –∏–Ω—Ñ–æ—Ä–º–∞—Ü–∏–æ–Ω–Ω–∞—è –∞—Ä—Ö–∏—Ç–µ–∫—Ç—É—Ä–∞,–¶–µ–ª—å,mixed,2153,N/A,N/A
doc-as-code-todos/07-api-autogen.md,–ó–∞–¥–∞—á–∞ 07 ‚Äî API‚Äë–¥–æ–∫—É–º–µ–Ω—Ç–∞—Ü–∏—è –∏ –∞–≤—Ç–æ–≥–µ–Ω–µ—Ä–∞—Ü–∏—è,–¶–µ–ª—å,mixed,1942,N/A,N/A
doc-as-code-todos/08-adr.md,–ó–∞–¥–∞—á–∞ 08 ‚Äî ADR (Architecture Decision Records),–¶–µ–ª—å,mixed,1728,N/A,N/A
doc-as-code-todos/09-diagrams-media.md,–ó–∞–¥–∞—á–∞ 09 ‚Äî –î–∏–∞–≥—Ä–∞–º–º—ã –∏ –º–µ–¥–∏–∞,–¶–µ–ª—å,mixed,1707,N/A,N/A
doc-as-code-todos/10-lint-spell-links.md,"–ó–∞–¥–∞—á–∞ 10 ‚Äî –õ–∏–Ω—Ç–∏–Ω–≥, –æ—Ä—Ñ–æ–≥—Ä–∞—Ñ–∏—è, –ø—Ä–æ–≤–µ—Ä–∫–∞ —Å—Å—ã–ª–æ–∫",–¶–µ–ª—å,mixed,1814,N/A,N/A
doc-as-code-todos/11-ci-cd-pages.md,–ó–∞–¥–∞—á–∞ 11 ‚Äî CI/CD –¥–ª—è –¥–æ–∫—É–º–µ–Ω—Ç–∞—Ü–∏–∏ –∏ Pages,–¶–µ–ª—å,mixed,1407,N/A,N/A
doc-as-code-todos/12-policies-processes.md,"–ó–∞–¥–∞—á–∞ 12 ‚Äî –ü–æ–ª–∏—Ç–∏–∫–∏ –∏ –ø—Ä–æ—Ü–µ—Å—Å—ã: CODEOWNERS, CONTRIBUTING, PR‚Äë—à–∞–±–ª–æ–Ω—ã",–¶–µ–ª—å,mixed,2172,N/A,N/A
doc-as-code-todos/13-glossary-terminology.md,–ó–∞–¥–∞—á–∞ 13 ‚Äî –ì–ª–æ—Å—Å–∞—Ä–∏–π –∏ —Ç–µ—Ä–º–∏–Ω–æ–ª–æ–≥–∏—è,–¶–µ–ª—å,mixed,1389,N/A,N/A
doc-as-code-todos/14-migration.md,–ó–∞–¥–∞—á–∞ 14 ‚Äî –ú–∏–≥—Ä–∞—Ü–∏—è (Wiki/—Ä–∞–∑—Ä–æ–∑–Ω–µ–Ω–Ω—ã–µ —Ñ–∞–π–ª—ã),–¶–µ–ª—å,mixed,1444,N/A,N/A
doc-as-code-todos/15-versioning.md,–ó–∞–¥–∞—á–∞ 15 ‚Äî –í–µ—Ä—Å–∏–æ–Ω–∏—Ä–æ–≤–∞–Ω–∏–µ –¥–æ–∫—É–º–µ–Ω—Ç–∞—Ü–∏–∏ (–æ–ø—Ü–∏–æ–Ω–∞–ª—å–Ω–æ),–¶–µ–ª—å,mixed,1406,N/A,N/A
doc-as-code-todos/16-final-quality-check.md,–ó–∞–¥–∞—á–∞ 16 ‚Äî –§–∏–Ω–∞–ª—å–Ω–∞—è –ø—Ä–æ–≤–µ—Ä–∫–∞ –ø–æ–∫—Ä—ã—Ç–∏—è –∏ –∫–∞—á–µ—Å—Ç–≤–∞,–¶–µ–ª—å,mixed,1382,N/A,N/A
doc-as-code-todos/17-dev-process-integration.md,–ó–∞–¥–∞—á–∞ 17 ‚Äî –ò–Ω—Ç–µ–≥—Ä–∞—Ü–∏—è –¥–æ–∫—É–º–µ–Ω—Ç–∞—Ü–∏–∏ –≤ –ø—Ä–æ—Ü–µ—Å—Å —Ä–∞–∑—Ä–∞–±–æ—Ç–∫–∏,–¶–µ–ª—å,mixed,2100,N/A,N/A
doc-as-code-todos/18-build-integration.md,–ó–∞–¥–∞—á–∞ 18 ‚Äî –ò–Ω—Ç–µ–≥—Ä–∞—Ü–∏—è —Å–±–æ—Ä–∫–∏ –¥–æ–∫–æ–≤ –≤ Make/Gradle,–¶–µ–ª—å,mixed,1692,N/A,N/A
doc-as-code-todos/19-team-enablement.md,–ó–∞–¥–∞—á–∞ 19 ‚Äî –û–±—É—á–µ–Ω–∏–µ –∫–æ–º–∞–Ω–¥—ã –∏ —Ä—É–∫–æ–≤–æ–¥—Å—Ç–≤–æ –ø–æ —Ä–∞–±–æ—Ç–µ —Å –¥–æ–∫–∞–º–∏,–¶–µ–ª—å,mixed,2308,N/A,N/A
doc-as-code-todos/README.md,Doc‚Äëas‚ÄëCode ‚Äî —á–µ–∫‚Äë–ª–∏—Å—Ç –∑–∞–¥–∞—á (–∞–∫–≤–∏–≤–µ–¥–µ–Ω–∏–µ –¥–æ–∫—É–º–µ–Ω—Ç–∞—Ü–∏–∏),–û–≥–ª–∞–≤–ª–µ–Ω–∏–µ –∑–∞–¥–∞—á,mixed,3595,N/A,N/A
docs/adr/adr-0001-docs-stack.md,ADR-0001: –í—ã–±–æ—Ä —Å—Ç–µ–∫–∞ Doc as Code –¥–ª—è aquastream,–ö–æ–Ω—Ç–µ–∫—Å—Ç,mixed,1297,N/A,N/A
docs/adr/index.md,ADR ‚Äî Architecture Decision Records (–∏–Ω–¥–µ–∫—Å),,mixed,224,N/A,N/A
docs/index.md,AquaStream ‚Äî –ø–æ—Ä—Ç–∞–ª –¥–æ–∫—É–º–µ–Ω—Ç–∞—Ü–∏–∏,–ë—ã—Å—Ç—Ä—ã–µ —Å—Å—ã–ª–∫–∏,mixed,669,N/A,N/A
docs/overview.md,Overview,,mixed,390,N/A,N/A
frontend/README.md,–¥–µ–≤‚Äë—Å–µ—Ä–≤–µ—Ä / –ø—Ä–æ–¥‚Äë—Å–±–æ—Ä–∫–∞ / —Å—Ç–∞—Ä—Ç,AquaStream Frontend ‚Äî DevEx README,mixed,5103,2025-08-10,egorovma
frontend/docs/aquastream-frontend-spec.md,AquaStream ‚Äî –±–∏–∑–Ω–µ—Å‚Äë–ø–æ—Å—Ç–∞–Ω–æ–≤–∫–∞ v1.1 (MVP),1. –ù–∞–∑–Ω–∞—á–µ–Ω–∏–µ –∏ –∫–æ–Ω—Ç–µ–∫—Å—Ç,mixed,20837,2025-08-10,egorovma
frontend/docs/claude-ready-brief.md,,AquaStream Frontend ‚Äî Claude‚Äëready –±—Ä–∏—Ñ (v1),mixed,16492,2025-08-16,egorovma
frontend/docs/frontend-finalization-checklist.md,,"–§–∏–Ω–∞–ª–∏–∑–∞—Ü–∏—è —Ñ—Ä–æ–Ω—Ç–µ–Ω–¥–∞: —É–Ω–∏—Ñ–∏–∫–∞—Ü–∏—è, –∫–∞—á–µ—Å—Ç–≤–æ, –∫–æ–Ω—Ç—Ä–æ–ª—å",mixed,7788,2025-08-16,egorovma
frontend/docs/frontend-hardening-unification.md,,"–î–æ–≤–µ–¥–µ–Ω–∏–µ —Ñ—Ä–æ–Ω—Ç–µ–Ω–¥–∞ –¥–æ –∏–¥–µ–∞–ª–∞: —É–Ω–∏—Ñ–∏–∫–∞—Ü–∏—è, –±–µ—Å—Ç‚Äë–ø—Ä–∞–∫—Ç–∏–∫–∏, –æ—á–∏—Å—Ç–∫–∞",mixed,9694,2025-08-16,egorovma
frontend/docs/tailwind-shadcn-unification.md,,–ü–ª–∞–Ω —É–Ω–∏—Ñ–∏–∫–∞—Ü–∏–∏ —Å—Ç–∏–ª–µ–π: Tailwind CSS v4 + shadcn/ui,mixed,15461,2025-08-16,egorovma
frontend/docs/todos-fe.md,Frontend TODOs,,en,3841,2025-08-10,egorovma
infra/CHANGELOG.md,Changelog,[Unreleased],en,2168,2025-09-17,egorovma
infra/RELEASES.md,AquaStream Release Process,Semantic Versioning (SemVer),en,9916,2025-09-17,egorovma
infra/backup/README.md,–ë—ç–∫–∞–ø—ã PostgreSQL (per-schema),–ß—Ç–æ –¥–µ–ª–∞–µ—Ç `backup.sh`,mixed,2990,2025-08-10,egorovma
infra/docker/compose/README.md,Docker Compose (dev|stage|prod),–ü—Ä–æ—Ñ–∏–ª–∏,mixed,1936,2025-08-10,egorovma
infra/docs/CI-README.md,CI/CD (GitHub Actions),Workflows,mixed,961,2025-08-10,egorovma
infra/docs/DEVELOPER.md,AquaStream Backend - Developer Guide,üìã –û–≥–ª–∞–≤–ª–µ–Ω–∏–µ,mixed,34492,2025-09-17,egorovma
infra/docs/aquastream-backend-spec-complete.md,AquaStream Backend - –¢–µ—Ö–Ω–∏—á–µ—Å–∫–∞—è —Å–ø–µ—Ü–∏—Ñ–∏–∫–∞—Ü–∏—è,–û–≥–ª–∞–≤–ª–µ–Ω–∏–µ,mixed,27196,2025-09-17,egorovma
